{
  "realm" : "urlaubsverwaltung",
  "users" : [ {
    "id" : "1e04fb76-3d43-4adb-afcf-d0f7a93beb83",
    "createdTimestamp" : 1608290123086,
    "username" : "admin",
    "enabled" : true,
    "totp" : false,
    "emailVerified" : true,
    "firstName" : "Senor",
    "lastName" : "Operation",
    "email" : "admin@urlaubsverwaltung.cloud",
    "credentials" : [ {
      "id" : "de1b3fd5-c459-4632-8b9c-c04db5b4736f",
      "type" : "password",
      "createdDate" : 1608291004644,
      "secretData" : "{\"value\":\"CwHcgLARjWBKe8hIsEnnaSuXHbq2aTKN8sZgaE4Ifg/PQ/zr8lg2gZQsuHrjQDqCa3nZW+wy4bKQRIbAEXTL7A==\",\"salt\":\"3hqVcRn7N3kieuwqQmscTA==\"}",
      "credentialData" : "{\"hashIterations\":27500,\"algorithm\":\"pbkdf2-sha256\",\"additionalParameters\":{}}"
    } ],
    "disableableCredentialTypes" : [ ],
    "requiredActions" : [ ],
    "realmRoles" : [ "offline_access", "uma_authorization" ],
    "clientRoles" : {
      "account" : [ "view-profile", "manage-account" ]
    },
    "notBefore" : 0,
    "groups" : [ "/urlaubsverwaltung access" ]
  }, {
    "id" : "244d5644-246c-4e2e-a0bf-ef4fabc95acd",
    "createdTimestamp" : 1608289897631,
    "username" : "baier",
    "enabled" : true,
    "totp" : false,
    "emailVerified" : true,
    "firstName" : "Günther",
    "lastName" : "Baier",
    "email" : "baier@urlaubsverwaltung.cloud",
    "credentials" : [ {
      "id" : "92bd9c6c-03a1-4969-8718-16c27b8740a9",
      "type" : "password",
      "createdDate" : 1608291010375,
      "secretData" : "{\"value\":\"LEcQp9lGNmkQzYX+7WbkyPUVGfcBHs0g9B7nqPOaeK+ulc2ZhepxghB5wWKVLJbqG8ZRInjjDav9l3s3mGLJog==\",\"salt\":\"odPxS98H3IrC4Lz7WG+nmg==\"}",
      "credentialData" : "{\"hashIterations\":27500,\"algorithm\":\"pbkdf2-sha256\",\"additionalParameters\":{}}"
    } ],
    "disableableCredentialTypes" : [ ],
    "requiredActions" : [ ],
    "realmRoles" : [ "offline_access", "uma_authorization" ],
    "clientRoles" : {
      "account" : [ "view-profile", "manage-account" ]
    },
    "notBefore" : 0,
    "groups" : [ "/urlaubsverwaltung access" ]
  }, {
    "id" : "9e7f6ab0-7075-4a17-853b-9a76fd063381",
    "createdTimestamp" : 1608290049557,
    "username" : "boss",
    "enabled" : true,
    "totp" : false,
    "emailVerified" : true,
    "firstName" : "Max",
    "lastName" : "Mustermann",
    "email" : "boss@urlaubsverwaltung.cloud",
    "credentials" : [ {
      "id" : "caae135d-795f-40f6-b458-46855a663d1c",
      "type" : "password",
      "createdDate" : 1608291016953,
      "secretData" : "{\"value\":\"g04uOVjPtRih+pnh9NGCRMRLv++n5DZ6syKJ9UTtht5g242bp2Cb9TMAoOn2GhCn1rSHJH7SE3d7lMhhCRz8Og==\",\"salt\":\"06nlS41GB2EFTXwiXs9a+A==\"}",
      "credentialData" : "{\"hashIterations\":27500,\"algorithm\":\"pbkdf2-sha256\",\"additionalParameters\":{}}"
    } ],
    "disableableCredentialTypes" : [ ],
    "requiredActions" : [ ],
    "realmRoles" : [ "offline_access", "uma_authorization" ],
    "clientRoles" : {
      "account" : [ "view-profile", "manage-account" ]
    },
    "notBefore" : 0,
    "groups" : [ "/urlaubsverwaltung access" ]
  }, {
    "id" : "893e54e2-a8ad-45bf-ae40-c14e7392dda6",
    "createdTimestamp" : 1608289918785,
    "username" : "dampf",
    "enabled" : true,
    "totp" : false,
    "emailVerified" : true,
    "firstName" : "Hans",
    "lastName" : "Dampf",
    "email" : "dampf@urlaubsverwaltung.cloud",
    "credentials" : [ {
      "id" : "74160b80-8ff2-4ffc-aa43-2e5c001ec695",
      "type" : "password",
      "createdDate" : 1608291021860,
      "secretData" : "{\"value\":\"W1UeOwoFcaf0nrT/LhWPUDcZVTeFZ6e+Qo33yvR/94DKjQx2YZLiPbDf+5uWYfHKptJKcYCTu3dbfuf6zUARkw==\",\"salt\":\"J/zMZGUFAmsihUGkW1HkQQ==\"}",
      "credentialData" : "{\"hashIterations\":27500,\"algorithm\":\"pbkdf2-sha256\",\"additionalParameters\":{}}"
    } ],
    "disableableCredentialTypes" : [ ],
    "requiredActions" : [ ],
    "realmRoles" : [ "offline_access", "uma_authorization" ],
    "clientRoles" : {
      "account" : [ "view-profile", "manage-account" ]
    },
    "notBefore" : 0,
    "groups" : [ "/urlaubsverwaltung access" ]
  }, {
    "id" : "65c9e89f-7c92-45e8-b39f-2cfedf1883bc",
    "createdTimestamp" : 1608290144220,
    "username" : "departmenthead",
    "enabled" : true,
    "totp" : false,
    "emailVerified" : true,
    "firstName" : "Thorsten",
    "lastName" : "Krüger",
    "email" : "departmenthead@urlaubsverwaltung.cloud",
    "credentials" : [ {
      "id" : "c1ac495a-b187-430f-ae33-38040232375b",
      "type" : "password",
      "createdDate" : 1608291028348,
      "secretData" : "{\"value\":\"pugDXU18mgYd6T8wGZTDaFlBCVVzvNWRlC5eUSMhaOtGuPNiQGNjbZwgp6TY0Goq13qKIr8WFRsn4XoJkqNqMA==\",\"salt\":\"8q3ByL0iWN1aWVCBCK+kpA==\"}",
      "credentialData" : "{\"hashIterations\":27500,\"algorithm\":\"pbkdf2-sha256\",\"additionalParameters\":{}}"
    } ],
    "disableableCredentialTypes" : [ ],
    "requiredActions" : [ ],
    "realmRoles" : [ "offline_access", "uma_authorization" ],
    "clientRoles" : {
      "account" : [ "view-profile", "manage-account" ]
    },
    "notBefore" : 0,
    "groups" : [ "/urlaubsverwaltung access" ]
  }, {
    "id" : "4cffef90-1068-42be-b5fa-ba0b8edbac81",
    "createdTimestamp" : 1608289815022,
    "username" : "haendel",
    "enabled" : true,
    "totp" : false,
    "emailVerified" : true,
    "firstName" : "Brigitte",
    "lastName" : "Händel",
    "email" : "haendel@urlaubsverwaltung.cloud",
    "credentials" : [ {
      "id" : "f5a8c0a1-9910-431e-987f-d37606f7f4f3",
      "type" : "password",
      "createdDate" : 1608291034530,
      "secretData" : "{\"value\":\"7/HgPoV/0RebyLTu3UFGyJcYikBnK6f9H/BaN9EeAJdlQ1hjWc5dktDb2p4kh/r+u3C2UR6ggtbyvNiVM5rGJw==\",\"salt\":\"lPwubnw/3Buec5j7eVVL1w==\"}",
      "credentialData" : "{\"hashIterations\":27500,\"algorithm\":\"pbkdf2-sha256\",\"additionalParameters\":{}}"
    } ],
    "disableableCredentialTypes" : [ ],
    "requiredActions" : [ ],
    "realmRoles" : [ "offline_access", "uma_authorization" ],
    "clientRoles" : {
      "account" : [ "view-profile", "manage-account" ]
    },
    "notBefore" : 0,
    "groups" : [ "/urlaubsverwaltung access" ]
  }, {
    "id" : "9a11eb12-2b0f-4ba1-9943-3aaf3dde3de6",
    "createdTimestamp" : 1608289946800,
    "username" : "hdieter-active",
    "enabled" : true,
    "totp" : false,
    "emailVerified" : true,
    "firstName" : "Horst",
    "lastName" : "Aktiv",
    "email" : "hdieter-active@urlaubsverwaltung.cloud",
    "credentials" : [ {
      "id" : "815817ce-5465-45fd-97d1-82cd0624fa5a",
      "type" : "password",
      "createdDate" : 1608291040778,
      "secretData" : "{\"value\":\"gcEfDgWygAUYnzbRweQw7yOzvD2YJh61LyTT6MeCXor/hRkkA/W8IQ6z5Oa79n2okNybHWVDVAc75K10qjfifw==\",\"salt\":\"27j5OE+wqfPtyMnKCyZfUw==\"}",
      "credentialData" : "{\"hashIterations\":27500,\"algorithm\":\"pbkdf2-sha256\",\"additionalParameters\":{}}"
    } ],
    "disableableCredentialTypes" : [ ],
    "requiredActions" : [ ],
    "realmRoles" : [ "offline_access", "uma_authorization" ],
    "clientRoles" : {
      "account" : [ "view-profile", "manage-account" ]
    },
    "notBefore" : 0,
    "groups" : [ "/urlaubsverwaltung access" ]
  }, {
    "id" : "d8d61467-1f6e-4c7d-8e4a-fc42293d780b",
    "createdTimestamp" : 1669996481619,
    "username" : "fee",
    "enabled" : true,
    "totp" : false,
    "emailVerified" : true,
    "firstName" : "Fabienne",
    "lastName" : "Fee",
    "email" : "fabienne.fee@urlaubsverwaltung.cloud",
    "credentials" : [ {
      "id" : "86944bad-47ab-4f24-b487-8681639d3585",
      "type" : "password",
      "userLabel" : "My password",
      "createdDate" : 1669996497324,
      "secretData" : "{\"value\":\"vTo+4Qh0mc+ZYCxoj56IWP6TNZzkCN9A2THoZRyf2evUM3/PfX9LIwFcYE4znxFOH+5UeATBGfgkf65LHwFemA==\",\"salt\":\"bAgzTLlMqx64aQ9lKO2kag==\",\"additionalParameters\":{}}",
      "credentialData" : "{\"hashIterations\":27500,\"algorithm\":\"pbkdf2-sha256\",\"additionalParameters\":{}}"
    } ],
    "disableableCredentialTypes" : [ ],
    "requiredActions" : [ ],
    "realmRoles" : [ "default-roles-urlaubsverwaltung" ],
    "notBefore" : 0,
    "groups" : [ "/urlaubsverwaltung access" ]
  }, {
    "id" : "58400ef7-1cc9-48cb-93a8-f45c7af186ad",
    "createdTimestamp" : 1608289715282,
    "username" : "office",
    "enabled" : true,
    "totp" : false,
    "emailVerified" : true,
    "firstName" : "Marlene",
    "lastName" : "Muster",
    "email" : "office@urlaubsverwaltung.cloud",
    "credentials" : [ {
      "id" : "01f05932-5775-4976-9c33-ec6cacbf44ad",
      "type" : "password",
      "createdDate" : 1608291045964,
      "secretData" : "{\"value\":\"rtj2ub54zk8fUsoowTSh5/z9izDsXGDyAaVnlgQpyLD5L1VP0j6dqsRemJOM0Z+3tJ8iaXkDysEo157Z6vd6Iw==\",\"salt\":\"zr8XtQomdWCfflU7XKB/CA==\"}",
      "credentialData" : "{\"hashIterations\":27500,\"algorithm\":\"pbkdf2-sha256\",\"additionalParameters\":{}}"
    } ],
    "disableableCredentialTypes" : [ ],
    "requiredActions" : [ ],
    "realmRoles" : [ "offline_access", "uma_authorization" ],
    "clientRoles" : {
      "account" : [ "view-profile", "manage-account" ]
    },
    "notBefore" : 0,
    "groups" : [ "/urlaubsverwaltung access" ]
  }, {
    "id" : "8682331e-5555-48dd-989c-0bc589d9da0d",
    "createdTimestamp" : 1608290077734,
    "username" : "schmidt",
    "enabled" : true,
    "totp" : false,
    "emailVerified" : true,
    "firstName" : "Niko",
    "lastName" : "Schmidt",
    "email" : "schmidt@urlaubsverwaltung.cloud",
    "credentials" : [ {
      "id" : "0cf09868-ae6e-4435-8ffd-29a354ca0527",
      "type" : "password",
      "createdDate" : 1608291051332,
      "secretData" : "{\"value\":\"E0v7oJadrGMG8zAKmHBVdOtSWBLgfYUiJijmEKfUvZmCbKDpZyH8nVqIwb8kY7kq0iY63qivLCV4HYoa6bsyLg==\",\"salt\":\"rmG+OiOEj2WzhyFin/5awA==\"}",
      "credentialData" : "{\"hashIterations\":27500,\"algorithm\":\"pbkdf2-sha256\",\"additionalParameters\":{}}"
    } ],
    "disableableCredentialTypes" : [ ],
    "requiredActions" : [ ],
    "realmRoles" : [ "offline_access", "uma_authorization" ],
    "clientRoles" : {
      "account" : [ "view-profile", "manage-account" ]
    },
    "notBefore" : 0,
    "groups" : [ "/urlaubsverwaltung access" ]
  }, {
    "id" : "b50b27cc-5768-4ba9-a4c6-bbdba9796342",
    "createdTimestamp" : 1608289863522,
    "username" : "schneider",
    "enabled" : true,
    "totp" : false,
    "emailVerified" : true,
    "firstName" : "Elena",
    "lastName" : "Schneider",
    "email" : "schneider@urlaubsverwaltung.cloud",
    "credentials" : [ {
      "id" : "5d66a2ce-6c78-47b9-bb7a-dc765d6a07d4",
      "type" : "password",
      "createdDate" : 1608291057469,
      "secretData" : "{\"value\":\"i+e6o+zsmbIKZ68CvDndzP7+G7LJ5gGQ5gouixIzjuR2y3leSigBtm+M1YOgKWYVcLuSF/ChGcTQ9t/0at392g==\",\"salt\":\"n4WmmXPgcUk3cp9YCaOoAA==\"}",
      "credentialData" : "{\"hashIterations\":27500,\"algorithm\":\"pbkdf2-sha256\",\"additionalParameters\":{}}"
    } ],
    "disableableCredentialTypes" : [ ],
    "requiredActions" : [ ],
    "realmRoles" : [ "offline_access", "uma_authorization" ],
    "clientRoles" : {
      "account" : [ "view-profile", "manage-account" ]
    },
    "notBefore" : 0,
    "groups" : [ "/urlaubsverwaltung access" ]
  }, {
    "id" : "f45e3262-d738-4f1e-8a9a-e142c1633731",
    "createdTimestamp" : 1608290099219,
    "username" : "secondstageauthority",
    "enabled" : true,
    "totp" : false,
    "emailVerified" : true,
    "firstName" : "Peter",
    "lastName" : "Huber",
    "email" : "secondstageauthority@urlaubsverwaltung.cloud",
    "credentials" : [ {
      "id" : "d9fe8f97-f22d-46c2-9373-b08c6bec83d6",
      "type" : "password",
      "createdDate" : 1608291063042,
      "secretData" : "{\"value\":\"kLg0sE2IDUje61fpiwzDVSPbPl1auhs2gwK/uWw0BlkV8EzcwKiX7lZhQmxECdS7pyIHUPDE2Vz8ZtYrBJCWnA==\",\"salt\":\"/jdXZ7lKvLxGFcMNzbAN/g==\"}",
      "credentialData" : "{\"hashIterations\":27500,\"algorithm\":\"pbkdf2-sha256\",\"additionalParameters\":{}}"
    } ],
    "disableableCredentialTypes" : [ ],
    "requiredActions" : [ ],
    "realmRoles" : [ "offline_access", "uma_authorization" ],
    "clientRoles" : {
      "account" : [ "view-profile", "manage-account" ]
    },
    "notBefore" : 0,
    "groups" : [ "/urlaubsverwaltung access" ]
  }, {
    "id" : "3d07ae0d-90a1-4dfd-9393-172c0c9e7c10",
    "createdTimestamp" : 1608289984833,
    "username" : "user",
    "enabled" : true,
    "totp" : false,
    "emailVerified" : true,
    "firstName" : "Klaus",
    "lastName" : "Müller",
    "email" : "user@urlaubsverwaltung.cloud",
    "credentials" : [ {
      "id" : "15e90f04-ce41-4445-aa57-601239f7c0db",
      "type" : "password",
      "createdDate" : 1608291068439,
      "secretData" : "{\"value\":\"8xJSqRDU0IMbCJLPN3xn94HSHozvWHx+K1B8aRMDABNUhtit8LqdPokIVZsDFAyx9pfIToZDLrGHfTK5Ovd+3g==\",\"salt\":\"m4Eiq27tcWt5eX2tdABLdg==\"}",
      "credentialData" : "{\"hashIterations\":27500,\"algorithm\":\"pbkdf2-sha256\",\"additionalParameters\":{}}"
    } ],
    "disableableCredentialTypes" : [ ],
    "requiredActions" : [ ],
    "realmRoles" : [ "offline_access", "uma_authorization" ],
    "clientRoles" : {
      "account" : [ "view-profile", "manage-account" ]
    },
    "notBefore" : 0,
    "groups" : [ "/urlaubsverwaltung access" ]
  } ]
}
