{
  "realm" : "urlaubsverwaltung",
  "users" : [ {
    "id" : "a1b2c3d4-7075-4b17-853b-7a76fd063381",
    "createdTimestamp" : 1608290049557,
    "username" : "admin",
    "enabled" : true,
    "totp" : false,
    "emailVerified" : true,
    "firstName" : "Anne",
    "lastName" : "Roth",
    "email" : "admin@urlaubsverwaltung.cloud",
    "credentials" : [ {
      "id" : "a1d26e8c-889b-475c-a8a6-bf2962038939",
      "type" : "password",
      "createdDate" : 1608291016953,
      "secretData" : "{\"value\":\"g04uOVjPtRih+pnh9NGCRMRLv++n5DZ6syKJ9UTtht5g242bp2Cb9TMAoOn2GhCn1rSHJH7SE3d7lMhhCRz8Og==\",\"salt\":\"06nlS41GB2EFTXwiXs9a+A==\"}",
      "credentialData" : "{\"hashIterations\":27500,\"algorithm\":\"pbkdf2-sha256\",\"additionalParameters\":{}}"
    } ],
    "disableableCredentialTypes" : [ ],
    "requiredActions" : [ ],
    "realmRoles" : [ "offline_access", "uma_authorization" ],
    "clientRoles" : {
      "account" : [ "view-profile", "manage-account" ]
    },
    "notBefore" : 0,
    "groups" : [ ]
  }, {
    "id" : "9e7f6ab1-7075-4a17-853b-9a76fd063381",
    "createdTimestamp" : 1608290049557,
    "username" : "boss",
    "enabled" : true,
    "totp" : false,
    "emailVerified" : true,
    "firstName" : "Theresa",
    "lastName" : "Scherer",
    "email" : "boss@urlaubsverwaltung.cloud",
    "credentials" : [ {
      "id" : "a1d26e8c-889b-475c-a8a6-bf2952037937",
      "type" : "password",
      "createdDate" : 1608291016953,
      "secretData" : "{\"value\":\"g04uOVjPtRih+pnh9NGCRMRLv++n5DZ6syKJ9UTtht5g242bp2Cb9TMAoOn2GhCn1rSHJH7SE3d7lMhhCRz8Og==\",\"salt\":\"06nlS41GB2EFTXwiXs9a+A==\"}",
      "credentialData" : "{\"hashIterations\":27500,\"algorithm\":\"pbkdf2-sha256\",\"additionalParameters\":{}}"
    } ],
    "disableableCredentialTypes" : [ ],
    "requiredActions" : [ ],
    "realmRoles" : [ "offline_access", "uma_authorization" ],
    "clientRoles" : {
      "account" : [ "view-profile", "manage-account" ]
    },
    "notBefore" : 0,
    "groups" : [ ]
  }, {
    "id" : "l0k9j8h7-7075-4a17-853b-9a76fd064385",
    "createdTimestamp" : 1608290049557,
    "username" : "departmenthead",
    "enabled" : true,
    "totp" : false,
    "emailVerified" : true,
    "firstName" : "Thorsten",
    "lastName" : "Krüger",
    "email" : "departmenthead@urlaubsverwaltung.cloud",
    "credentials" : [ {
      "id" : "a1d26e8c-889b-475c-a8a6-bf1952039939",
      "type" : "password",
      "createdDate" : 1608291016953,
      "secretData" : "{\"value\":\"g04uOVjPtRih+pnh9NGCRMRLv++n5DZ6syKJ9UTtht5g242bp2Cb9TMAoOn2GhCn1rSHJH7SE3d7lMhhCRz8Og==\",\"salt\":\"06nlS41GB2EFTXwiXs9a+A==\"}",
      "credentialData" : "{\"hashIterations\":27500,\"algorithm\":\"pbkdf2-sha256\",\"additionalParameters\":{}}"
    } ],
    "disableableCredentialTypes" : [ ],
    "requiredActions" : [ ],
    "realmRoles" : [ "offline_access", "uma_authorization" ],
    "clientRoles" : {
      "account" : [ "view-profile", "manage-account" ]
    },
    "notBefore" : 0,
    "groups" : [ ]
  }, {
    "id" : "58400ef7-1cc9-48cb-93a6-f45c7af186ad",
    "createdTimestamp" : 1608289715282,
    "username" : "office",
    "enabled" : true,
    "totp" : false,
    "emailVerified" : true,
    "firstName" : "Marlene",
    "lastName" : "Muster",
    "email" : "office@urlaubsverwaltung.cloud",
    "credentials" : [ {
      "id" : "32b65824-bb1e-4d56-9176-5c539037c5ea",
      "type" : "password",
      "createdDate" : 1608291045964,
      "secretData" : "{\"value\":\"gnImLIHAQWoOIaJLtOLuBM2ar1r8SOf73nbFMNBLK5Y=\",\"salt\":\"qMwJA03/t6qnfpXvX35QiA==\",\"additionalParameters\":{}}",
      "credentialData" : "{\"hashIterations\":27500,\"algorithm\":\"pbkdf2-sha256\",\"additionalParameters\":{}}"
    } ],
    "disableableCredentialTypes" : [ ],
    "requiredActions" : [ ],
    "realmRoles" : [ "offline_access", "uma_authorization" ],
    "clientRoles" : {
      "account" : [ "view-profile", "manage-account" ]
    },
    "notBefore" : 0,
    "groups" : [ ]
  }, {
    "id" : "a2b2c3d4-7075-4a17-853b-9a76fd063381",
    "createdTimestamp" : 1608290049557,
    "username" : "secondstageauthority",
    "enabled" : true,
    "totp" : false,
    "emailVerified" : true,
    "firstName" : "Juliane",
    "lastName" : "Huber",
    "email" : "secondstageauthority@urlaubsverwaltung.cloud",
    "credentials" : [ {
      "id" : "a1a26e8c-889b-475c-a8a6-bf2952038939",
      "type" : "password",
      "createdDate" : 1608291016953,
      "secretData" : "{\"value\":\"g04uOVjPtRih+pnh9NGCRMRLv++n5DZ6syKJ9UTtht5g242bp2Cb9TMAoOn2GhCn1rSHJH7SE3d7lMhhCRz8Og==\",\"salt\":\"06nlS41GB2EFTXwiXs9a+A==\"}",
      "credentialData" : "{\"hashIterations\":27500,\"algorithm\":\"pbkdf2-sha256\",\"additionalParameters\":{}}"
    } ],
    "disableableCredentialTypes" : [ ],
    "requiredActions" : [ ],
    "realmRoles" : [ "offline_access", "uma_authorization" ],
    "clientRoles" : {
      "account" : [ "view-profile", "manage-account" ]
    },
    "notBefore" : 0,
    "groups" : [ ]
  }, {
    "id" : "3d07ae0d-90a2-4dfd-9393-172c0c9e7c10",
    "createdTimestamp" : 1608289984833,
    "username" : "user",
    "enabled" : true,
    "totp" : false,
    "emailVerified" : true,
    "firstName" : "Klaus",
    "lastName" : "Müller",
    "email" : "user@urlaubsverwaltung.cloud",
    "credentials" : [ {
      "id" : "87dbff48-3026-44ae-9eeb-84a899d570dd",
      "type" : "password",
      "createdDate" : 1608291068439,
      "secretData" : "{\"value\":\"8xJSqRDU0IMbCJLPN3xn94HSHozvWHx+K1B8aRMDABNUhtit8LqdPokIVZsDFAyx9pfIToZDLrGHfTK5Ovd+3g==\",\"salt\":\"m4Eiq27tcWt5eX2tdABLdg==\"}",
      "credentialData" : "{\"hashIterations\":27500,\"algorithm\":\"pbkdf2-sha256\",\"additionalParameters\":{}}"
    } ],
    "disableableCredentialTypes" : [ ],
    "requiredActions" : [ ],
    "realmRoles" : [ "offline_access", "uma_authorization" ],
    "clientRoles" : {
      "account" : [ "view-profile", "manage-account" ]
    },
    "notBefore" : 0,
    "groups" : [ ]
  } ]
}
